Workbook

Sheet API 목록
A1: 든든하이 API
A3: URL prefix
A4: 테스트서버 | B4: https://dundunhi.onrender.com/
A5: 상용서버 | B5: https://port-0-dundunhi-manmbjl26e1dbc28.sel4.cloudtype.app
A7: 서비스명 | B7: Path | C7: HTTP Method | D7: Req. Content-Type | E7: 비고 | G7: - 각 API 별 상세 명세는 하단 시트로 추가 부탁드립니다. - 메소드 타입은 GET, POST, PUT, DELETE, OPTION . . .
A8: signup | B8: /member/signup | C8: POST | D8: application/json
A9: login | B9: /member/login | C9: POST | D9: application/json
A10: findID | B10: /member/findid | C10: POST | D10: application/json
A11: update_profile | B11: /member/profile/{user_num} | C11: PUT | D11: application/json
A12: update_password | B12: /member/password/{user_num} | C12: PUT | D12: application/json

Sheet weather
A1: ='[1]API 목록'!A8 -> signupf
A3: 1) 개요 | M3: 메시지 | P3: 설명
A4: 기상청 날씨 연동 - 사용자용 날씨 제공 API 시스템 앱 사용자에게 날씨 정보를 제공하기 위해, 서버에서 기상청 데이터를 가져와 사용자 요청에 응답하는 API를 제공합니다. 이 API는 주기적으로 기상청 데이터를 갱신하며, 사용자 위치 기반의 날씨 정보를 제공합니다. 1) Client(App) → WeatherServer API 요청 2) WeatherServer → 기상청 OpenAPI WeatherServer는 내부적으로 기상청 OpenAPI를 호출하여 날씨 데이터 응답 3) WeatherServer → Client(App) 응답받은 날씨 정보는 앱 내 사용자 화면에 표시 4) 특별한 상황에 실패값 응답 및 기타 응답 실패시 "status": "error" 와 함께 에러 메시지 반환 일반적인 정상 상황은 최신 날씨 데이터를 리턴하며 성공을 반환합니다. | M4: 200번대 | P4: 성공
M5: 400번대 | P5: 입력값 오류
A6: 2) 요청 | M6: 500번대 | P6: 실패
A7: Method | C7: Path | I7: Content-Type
A8: ='[1]API 목록'!C9 -> GET | C8: /api/weather (예시) http://localhost:3000/api/weather?lat=37.5665&lon=126.9780&base_date=20250516&base_time=0500 | I8: ='[1]API 목록'!D8 & "" -> application/json
A11: 3) 요청 파라메터
A12: 명칭 | C12: 변수명 | E12: 설명 | I12: Type | J12: Mandatory
A13: 발표일자 | C13: base_date | E13: ‘25년 5월 1일 발표' - 조회할 일자 호출 | I13: string | J13: Y
A14: 발표시각 | C14: base_time | E14: 06시 발표(정시단위) -매시각 10분 이후 호출 | I14: string | J14: Y
A15: 위도 | C15: lat | E15: 예보지점의 X 좌표값으로 변환하기 위함 | I15: int | J15: Y
A16: 경도 | C16: lon | E16: 예보지점의 Y 좌표값으로 변환하기 위함 | I16: int | J16: Y
A22: 4) 응답 JSON
A23: 명칭 | C23: 변수명 | E23: 설명 | I23: Type | J23: Mandatory
A24: 현재기온 | C24: currentTemp | E24: 발표시간 기중 기온(TMP) - 조회할 일자 호출 | I24: string | J24: Y
A25: 하늘상태 | C25: sky | E25: 하늘상태 - (맑음, 구름 많음, 흐림) | I25: string | J25: Y
A26: 최저기온 | C26: minTemp | E26: 일 최저기온 (TMN) | I26: string | J26: Y
A27: 최고기온 | C27: maxTemp | E27: 일 최고기온 (TMX) | I27: string | J27: Y

Sheet 사용자 등록
A1: 사용자 등록
A3: 1) 요청 파라메터
A4: 명칭 | C4: 변수명 | E4: 설명
A5: 세션 ID | C5: id | E5: email
A7: 2) 응답 XML
A8: 명칭 | C8: 태그명 | E8: 설명
A9: Root Element | C9: result
A10: 결과 코드 | D10: code | E10: 0: OK, 그외: 에러코드
A11: 결과 설명 | D11: message | E11: 에러코드인 경우 설명 메시지
E13: API 목록 가기

Sheet 패스워드 찾기
A1: 패스워드 찾기
A3: 1) 요청 파라메터
A4: 명칭 | C4: 변수명 | E4: 설명
A5: 세션 ID | C5: id | E5: email
A7: 2) 응답 XML
A8: 명칭 | C8: 태그명 | E8: 설명
A9: Root Element | C9: result
A10: 결과 코드 | D10: code | E10: 0: OK, 그외: 에러코드
A11: 결과 설명 | D11: message | E11: 에러코드인 경우 설명 메시지
E13: API 목록 가기

Sheet signup
A1: ='API 목록'!A8 -> signup
A3: 1) 개요 | K3: 메시지 | Q3: 설명
A4: 회원가입 웹페이지 유저 회원 가입시 기본적인 검증(닉네임 중복등) 확인이 되면 게임서버에 signupf API 호출 1) WebServer → GameServer API signupf API 요청 2) GameServer → WebServer GameUserId(게임서버 캐릭터 ID) 응답 3) 응답 성공시 응답받는 GameUserId 를 웹 User DB에 등록 ==> 웹회원 User DB 에 GameUserId 컬럼 신규 추가 필요 4) 특별한 상황에 실패값 응답 및 기타 응답 실패시 최종 회원 가입 실패 처리 필요(비정상적 상황 대비) 일반적인 정상 상황은 GameUserId 를 리턴하여 응답하며 성공을 반환합니다. 5) AccountId, 닉네임 생성 관련 일반 정형화된 기본 방식 (Null Or WhiteSpace, 특수문자 금지등) 사용하여 구현 부탁 드립니다. 다만 길이 관련해서는 싱크가 필요해서 AccountId, Nickname 두 부분은 2자 이상 ~ 16자리 이하 | K4: 200번대 | Q4: 성공
K5: 400번대 | Q5: 입력값 오류
A6: 2) 요청 | K6: 500번대 | Q6: 실패
A7: Method | C7: Path | H7: Content-Type
A8: ='API 목록'!C8 -> POST | C8: ='API 목록'!B8 -> /member/signup | H8: ='API 목록'!D8 & "" -> application/json
A11: 3) 요청 파라메터
A12: 명칭 | C12: 변수명 | G12: 설명 | H12: Type | I12: Mandatory
A13: 유저 구분 | C13: user_type | G13: 0 : 어르신 // 1: 보호자 | H13: int | I13: Y(M)
A14: 유저 아이디 | C14: user_id | G14: 유저 아이디 | H14: string | I14: Y(M)
A15: 유저 비밀번호 | C15: user_pw | G15: 유저 비밀번호 | H15: string | I15: Y(M)
A16: 유저 연락처 | C16: user_tel | G16: 유저 연락처 '-' 없이 | H16: string | I16: Y(M)
A17: 유저 프로필 이미지 경로 | C17: user_profile_img | G17: 유저 이미지 파일 경로 | H17: stirng | I17: N
A18: 유저 홈 위도 | C18: user_home_lat | G18: 유저 홈 위도 | H18: string | I18: N
A19: 유저 홈 경도 | C19: user_home_lot | G19: 유저 홈 경도 | H19: string | I19: N
A20: 유저 외출 상태 | C20: user_condition | G20: 유저 외출 상태. 0: 집(귀가), 1: 외출중 | H20: int | I20: Y(M)
A24: 4) 응답 JSON
A25: 명칭 | C25: Key | G25: 설명 | H25: Type | I25: Mandatory
A26: 결과값 | C26: message | G26: 결과 메시지 | H26: string | I26: Y(M)
A27: 유저 고유번호 | C27: user_num | G27: 유저 고유 번호 | H27: string | I27: Y(M)
I31: API 목록 가기

Sheet login
A1: ='API 목록'!A9 -> login
A3: 1) 개요 | K3: 메시지 | Q3: 설명
A4: 로그인 웹페이지 유저 회원 가입시 기본적인 검증(닉네임 중복등) 확인이 되면 게임서버에 signupf API 호출 1) WebServer → GameServer API signupf API 요청 2) GameServer → WebServer GameUserId(게임서버 캐릭터 ID) 응답 3) 응답 성공시 응답받는 GameUserId 를 웹 User DB에 등록 ==> 웹회원 User DB 에 GameUserId 컬럼 신규 추가 필요 4) 특별한 상황에 실패값 응답 및 기타 응답 실패시 최종 회원 가입 실패 처리 필요(비정상적 상황 대비) 일반적인 정상 상황은 GameUserId 를 리턴하여 응답하며 성공을 반환합니다. 5) AccountId, 닉네임 생성 관련 일반 정형화된 기본 방식 (Null Or WhiteSpace, 특수문자 금지등) 사용하여 구현 부탁 드립니다. 다만 길이 관련해서는 싱크가 필요해서 AccountId, Nickname 두 부분은 2자 이상 ~ 16자리 이하 | K4: 200번대 | Q4: 성공
K5: 400번대 | Q5: 입력값 오류
A6: 2) 요청 | K6: 500번대 | Q6: 실패
A7: Method | C7: Path | H7: Content-Type
A8: ='API 목록'!C9 -> POST | C8: ='API 목록'!B9 -> /member/login | H8: ='API 목록'!D9 & "" -> application/json
A11: 3) 요청 파라메터
A12: 명칭 | C12: 변수명 | G12: 설명 | H12: Type | I12: Mandatory
A13: 유저 아이디 | C13: user_id | G13: 유저 아이디 | I13: Y(M)
A14: 유저 비밀번호 | C14: user_pw | G14: 유저 비밀번호 | I14: Y(M)
A24: 4) 응답 JSON
A25: 명칭 | C25: Key | G25: 설명 | H25: Type | I25: Mandatory
A26: 결과값 | C26: message | G26: 로그인 성공 | H26: string | I26: Y(M)
A27: 유저 고유번호 | C27: user_num | G27: 유저 고유 번호 | H27: string | I27: Y(M)
I31: API 목록 가기

Sheet find ID
A1: ='API 목록'!A10 -> findID
A3: 1) 개요 | K3: 메시지 | Q3: 설명
A4: 아이디 찾기 | K4: 200번대 | Q4: 성공
K5: 400번대 | Q5: 입력값 오류
A6: 2) 요청 | K6: 500번대 | Q6: 실패
A7: Method | C7: Path | H7: Content-Type
A8: ='API 목록'!C10 -> POST | C8: ='API 목록'!B10 -> /member/findid | H8: ='API 목록'!D10 & "" -> application/json
A11: 3) 요청 파라메터
A12: 명칭 | C12: 변수명 | G12: 설명 | H12: Type | I12: Mandatory
A13: 유저 연락처 | C13: user_tel | G13: 가입할 때 사용된 유저 연락처 '-' 없이 | I13: Y(M)
A24: 4) 응답 JSON
A25: 명칭 | C25: Key | G25: 설명 | H25: Type | I25: Mandatory
A26: 결과값 | C26: message | G26: ID 조회 성공 | H26: String
A27: 유저 아이디 | C27: user_id | G27: 유저 아이디 | H27: String
A28: 유저 고유 번호 | C28: user_num | G28: 유저 고유 번호
I31: API 목록 가기

Sheet up_profile
A1: ='API 목록'!A11 -> update_profile
A3: 1) 개요 | K3: 메시지 | Q3: 설명
A4: 회원정보 수정 | K4: 200번대 | Q4: 성공
K5: 400번대 | Q5: 입력값 오류
A6: 2) 요청 | K6: 500번대 | Q6: 실패
A7: Method | C7: Path | H7: Content-Type
A8: ='API 목록'!C11 -> PUT | C8: ='API 목록'!B11 -> /member/profile/{user_num} | H8: ='API 목록'!D11 & "" -> application/json
A11: 3) 요청 파라메터
A12: 명칭 | C12: 변수명 | G12: 설명 | H12: Type | I12: Mandatory | K12: 메모 - 수정 필드는 모두 기입할 필요 없이, 필요한 필드만 선택적으로 수정 가능합니다.
A13: 유저 연락처 | C13: user_tel | G13: 가입할 때 사용된 유저 연락처 '-' 없이 | H13: String | I13: Y(M)
A14: 유저 프로필 이미지 | C14: user_profile_img | G14: 유저 프로필 이미지 경로 | H14: String | I14: Y(M)
A15: 유저 홈 위도 | C15: user_home_lat | G15: 유저 홈 위도 | H15: String | I15: Y(M)
A16: 유저 홈 경도 | C16: user_home_lot | G16: 유저 홈 경도 | H16: String | I16: Y(M)
A17: 유저 외출 정보 | C17: user_condition | G17: 유저 외출 정보 | H17: String | I17: Y(M)
A24: 4) 응답 JSON
A25: 명칭 | C25: Key | G25: 설명 | H25: Type | I25: Mandatory
A26: 결과값 | C26: message | G26: 회원 정보 수정 완료 | H26: String
I31: API 목록 가기

Sheet up_password
A1: ='API 목록'!A12 -> update_password
A3: 1) 개요 | K3: 메시지 | Q3: 설명
A4: 회원 비밀번호 수정 | K4: 200번대 | Q4: 성공
K5: 400번대 | Q5: 입력값 오류
A6: 2) 요청 | K6: 500번대 | Q6: 실패
A7: Method | C7: Path | H7: Content-Type
A8: ='API 목록'!C12 -> PUT | C8: ='API 목록'!B12 -> /member/password/{user_num} | H8: ='API 목록'!D12 & "" -> application/json
A11: 3) 요청 파라메터
A12: 명칭 | C12: 변수명 | G12: 설명 | H12: Type | I12: Mandatory | K12: 메모 - 수정 필드는 모두 기입할 필요 없이, 필요한 필드만 선택적으로 수정 가능합니다.
A13: 유저 현재 비밀번호 | C13: current_pw | G13: 유저 현재 비밀번호 | H13: String | I13: Y(M)
A14: 유저 신규 비밀번호 | C14: new_pw | G14: 유저 신규 비밀번호 | H14: String | I14: Y(M)
A24: 4) 응답 JSON
A25: 명칭 | C25: Key | G25: 설명 | H25: Type | I25: Mandatory
A26: 결과값 | C26: message | G26: 비밀번호가 성공적으로 변경되었습니다. | H26: String
I31: API 목록 가기

Sheet 폴더 생성
A1: 폴더 생성
A3: 1) 요청 파라메터
A4: 명칭 | C4: 변수명 | E4: 설명
A5: 세션 ID | C5: sessionId
A6: 폴더명 | C6: folderName
A7: 업무 ID | C7: taskId | E7: 폴더에 포함될 업무 ID ,(콤마)로 구분
A8: 분류 ID | C8: categoryId | E8: 분류가 있는 경우
A9: 내용 | C9: content
A11: 2) 응답 XML
A12: 명칭 | C12: 태그명 | E12: 설명
A13: Root Element | C13: result
A14: 결과 코드 | D14: code | E14: 0: OK, 그외: 에러코드
A15: 결과 설명 | D15: message | E15: 에러코드인 경우 설명 메시지
E17: API 목록 가기

Sheet 폴더 삭제
A1: 폴더 삭제
A3: 1) 요청 파라메터
A4: 명칭 | C4: 변수명 | E4: 설명
A5: 세션 ID | C5: sessionId
A6: 폴더 ID | C6: folderId | E6: 빈 폴더인 경우에만 삭제 가능
A8: 2) 응답 XML
A9: 명칭 | C9: 태그명 | E9: 설명
A10: Root Element | C10: result
A11: 결과 코드 | D11: code | E11: 0: OK, 그외: 에러코드
A12: 결과 설명 | D12: message | E12: 에러코드인 경우 설명 메시지
E14: API 목록 가기
