Workbook

Sheet API 목록
A1: 든든하이 API
A3: URL prefix
A4: 테스트서버 | B4: https://dundunhi.onrender.com/
A5: 상용서버 | B5: https://port-0-dundunhi-manmbjl26e1dbc28.sel4.cloudtype.app
A7: 서비스명 | B7: Path | C7: HTTP Method | D7: Req. Content-Type | E7: 비고 | G7: - 각 API 별 상세 명세는 하단 시트로 추가 부탁드립니다. - 메소드 타입은 GET, POST, PUT, DELETE, OPTION . . .
A8: signup | B8: /member/signup | C8: POST | D8: application/json
A9: login | B9: /member/login | C9: POST | D9: application/json
A10: findID | B10: /member/findid | C10: POST | D10: application/json
A11: update_profile | B11: /member/profile/{user_num} | C11: PUT | D11: application/json
A12: update_password | B12: /member/password/{user_num} | C12: PUT | D12: application/json
A13: all_users | B13: /member/allusers?page={page}&limit={limit} | C13: GET | D13: application/json
A14: getMember | B14: /member/getmember/{user_num} | C14: GET | D14: application/json
A15: searchMember | B15: /searchmember?field={field}&keyword={keyword} | C15: GET | D15: application/json | E15: 필드 유효값 확인
A16: upload_profile | B16: /upload/profile/{user_num} | C16: POST | D16: form-data
A17: set_date | B17: /date/setdate | C17: POST | D17: application/json
A18: update_date | B18: /date/update/{user_num} | C18: PUT | D18: application/json
A19: delete_date | B19: /date/delete/{user_num} | C19: POST | D19: application/json
A20: get_date | B20: /date/getdate | C20: GET | D20: application/json
A21: code_auth | B21: /code_auth/send | C21: POST | D21: application/json
A22: code_auth_verify | B22: /code_auth/verifyCode | C22: POST | D22: application/json
A23: talk_send | B23: /talk/send | C23: POST | D23: application/json
A24: talk_list | B24: /talk/list | C24: POST | D24: application/json
A25: talk_read | B25: /talk/read | C25: POST | D25: application/json

Sheet 사용자 등록
A1: 사용자 등록
A3: 1) 요청 파라메터
A4: 명칭 | C4: 변수명 | E4: 설명
A5: 세션 ID | C5: id | E5: email
A7: 2) 응답 XML
A8: 명칭 | C8: 태그명 | E8: 설명
A9: Root Element | C9: result
A10: 결과 코드 | D10: code | E10: 0: OK, 그외: 에러코드
A11: 결과 설명 | D11: message | E11: 에러코드인 경우 설명 메시지
E13: API 목록 가기

Sheet 패스워드 찾기
A1: 패스워드 찾기
A3: 1) 요청 파라메터
A4: 명칭 | C4: 변수명 | E4: 설명
A5: 세션 ID | C5: id | E5: email
A7: 2) 응답 XML
A8: 명칭 | C8: 태그명 | E8: 설명
A9: Root Element | C9: result
A10: 결과 코드 | D10: code | E10: 0: OK, 그외: 에러코드
A11: 결과 설명 | D11: message | E11: 에러코드인 경우 설명 메시지
E13: API 목록 가기

Sheet signup
A1: ='API 목록'!A8 -> signup
A3: 1) 개요 | K3: 메시지 | Q3: 설명
A4: 회원가입 | K4: 200번대 | Q4: 성공
K5: 400번대 | Q5: 입력값 오류
A6: 2) 요청 | K6: 500번대 | Q6: 실패
A7: Method | C7: Path | H7: Content-Type
A8: ='API 목록'!C8 -> POST | C8: ='API 목록'!B8 -> /member/signup | H8: ='API 목록'!D8 & "" -> application/json
A11: 3) 요청 파라메터
A12: 명칭 | C12: 변수명 | G12: 설명 | H12: Type | I12: Mandatory
A13: 유저 구분 | C13: user_type | G13: 0 : 어르신 // 1: 보호자 | H13: int | I13: Y(M)
A14: 유저 아이디 | C14: user_id | G14: 유저 아이디 | H14: string | I14: Y(M)
A15: 유저 비밀번호 | C15: user_pw | G15: 유저 비밀번호 | H15: string | I15: Y(M)
A16: 유저 연락처 | C16: user_tel | G16: 유저 연락처 '-' 없이 | H16: string | I16: Y(M)
A17: 유저 프로필 이미지 경로 | C17: user_profile_img | G17: 유저 이미지 파일 경로 | H17: stirng | I17: N
A18: 유저 홈 위도 | C18: user_home_lat | G18: 유저 홈 위도 | H18: string | I18: N
A19: 유저 홈 경도 | C19: user_home_lot | G19: 유저 홈 경도 | H19: string | I19: N
A20: 유저 외출 상태 | C20: user_condition | G20: 유저 외출 상태. 0: 집(귀가), 1: 외출중 | H20: int | I20: Y(M)
A24: 4) 응답 JSON
A25: 명칭 | C25: Key | G25: 설명 | H25: Type | I25: Mandatory
A26: 결과값 | C26: message | G26: 결과 메시지 | H26: string | I26: Y(M)
A27: 유저 고유번호 | C27: user_num | G27: 유저 고유 번호 | H27: string | I27: Y(M)
I31: API 목록 가기

Sheet login
A1: ='API 목록'!A9 -> login
A3: 1) 개요 | K3: 메시지 | Q3: 설명
A4: 로그인 | K4: 200번대 | Q4: 성공
K5: 400번대 | Q5: 입력값 오류
A6: 2) 요청 | K6: 500번대 | Q6: 실패
A7: Method | C7: Path | H7: Content-Type
A8: ='API 목록'!C9 -> POST | C8: ='API 목록'!B9 -> /member/login | H8: ='API 목록'!D9 & "" -> application/json
A11: 3) 요청 파라메터
A12: 명칭 | C12: 변수명 | G12: 설명 | H12: Type | I12: Mandatory
A13: 유저 아이디 | C13: user_id | G13: 유저 아이디 | I13: Y(M)
A14: 유저 비밀번호 | C14: user_pw | G14: 유저 비밀번호 | I14: Y(M)
A24: 4) 응답 JSON
A25: 명칭 | C25: Key | G25: 설명 | H25: Type | I25: Mandatory
A26: 결과값 | C26: message | G26: 로그인 성공 | H26: string | I26: Y(M)
A27: 유저 고유번호 | C27: user_num | G27: 유저 고유 번호 | H27: string | I27: Y(M)
I31: API 목록 가기

Sheet find ID
A1: ='API 목록'!A10 -> findID
A3: 1) 개요 | K3: 메시지 | Q3: 설명
A4: 아이디 찾기 | K4: 200번대 | Q4: 성공
K5: 400번대 | Q5: 입력값 오류
A6: 2) 요청 | K6: 500번대 | Q6: 실패
A7: Method | C7: Path | H7: Content-Type
A8: ='API 목록'!C10 -> POST | C8: ='API 목록'!B10 -> /member/findid | H8: ='API 목록'!D10 & "" -> application/json
A11: 3) 요청 파라메터
A12: 명칭 | C12: 변수명 | G12: 설명 | H12: Type | I12: Mandatory
A13: 유저 연락처 | C13: user_tel | G13: 가입할 때 사용된 유저 연락처 '-' 없이 | I13: Y(M)
A24: 4) 응답 JSON
A25: 명칭 | C25: Key | G25: 설명 | H25: Type | I25: Mandatory
A26: 결과값 | C26: message | G26: ID 조회 성공 | H26: String
A27: 유저 아이디 | C27: user_id | G27: 유저 아이디 | H27: String
A28: 유저 고유 번호 | C28: user_num | G28: 유저 고유 번호
I31: API 목록 가기

Sheet up_profile
A1: ='API 목록'!A11 -> update_profile
A3: 1) 개요 | K3: 메시지 | Q3: 설명
A4: 회원정보 수정 | K4: 200번대 | Q4: 성공
K5: 400번대 | Q5: 입력값 오류
A6: 2) 요청 | K6: 500번대 | Q6: 실패
A7: Method | C7: Path | H7: Content-Type
A8: ='API 목록'!C11 -> PUT | C8: ='API 목록'!B11 -> /member/profile/{user_num} | H8: ='API 목록'!D11 & "" -> application/json
A11: 3) 요청 파라메터
A12: 명칭 | C12: 변수명 | G12: 설명 | H12: Type | I12: Mandatory | K12: 메모 - 수정 필드는 모두 기입할 필요 없이, 필요한 필드만 선택적으로 수정 가능합니다.
A13: 유저 연락처 | C13: user_tel | G13: 가입할 때 사용된 유저 연락처 '-' 없이 | H13: String | I13: Y(M)
A14: 유저 프로필 이미지 | C14: user_profile_img | G14: 유저 프로필 이미지 경로 | H14: String | I14: Y(M)
A15: 유저 홈 위도 | C15: user_home_lat | G15: 유저 홈 위도 | H15: String | I15: Y(M)
A16: 유저 홈 경도 | C16: user_home_lot | G16: 유저 홈 경도 | H16: String | I16: Y(M)
A17: 유저 외출 정보 | C17: user_condition | G17: 유저 외출 정보 | H17: String | I17: Y(M)
A24: 4) 응답 JSON
A25: 명칭 | C25: Key | G25: 설명 | H25: Type | I25: Mandatory
A26: 결과값 | C26: message | G26: 회원 정보 수정 완료 | H26: String
I31: API 목록 가기

Sheet up_password
A1: ='API 목록'!A12 -> update_password
A3: 1) 개요 | K3: 메시지 | Q3: 설명
A4: 회원 비밀번호 수정 | K4: 200번대 | Q4: 성공
K5: 400번대 | Q5: 입력값 오류
A6: 2) 요청 | K6: 500번대 | Q6: 실패
A7: Method | C7: Path | H7: Content-Type
A8: ='API 목록'!C12 -> PUT | C8: ='API 목록'!B12 -> /member/password/{user_num} | H8: ='API 목록'!D12 & "" -> application/json
A11: 3) 요청 파라메터
A12: 명칭 | C12: 변수명 | G12: 설명 | H12: Type | I12: Mandatory | K12: 메모 - 수정 필드는 모두 기입할 필요 없이, 필요한 필드만 선택적으로 수정 가능합니다.
A13: 유저 현재 비밀번호 | C13: current_pw | G13: 유저 현재 비밀번호 | H13: String | I13: Y(M)
A14: 유저 신규 비밀번호 | C14: new_pw | G14: 유저 신규 비밀번호 | H14: String | I14: Y(M)
A24: 4) 응답 JSON
A25: 명칭 | C25: Key | G25: 설명 | H25: Type | I25: Mandatory
A26: 결과값 | C26: message | G26: 비밀번호가 성공적으로 변경되었습니다. | H26: String
I31: API 목록 가기

Sheet all_users
A1: ='API 목록'!A13 -> all_users
A3: 1) 개요 | K3: 메시지 | Q3: 설명
A4: 전체 회원 검색 | K4: 200번대 | Q4: 성공
K5: 400번대 | Q5: 입력값 오류
A6: 2) 요청 | K6: 500번대 | Q6: 실패
A7: Method | C7: Path | H7: Content-Type
A8: ='API 목록'!C13 -> GET | C8: ='API 목록'!B13 -> /member/allusers?page={page}&limit={limit} | H8: ='API 목록'!D13 & "" -> application/json
A11: 3) 요청 파라메터
A12: 명칭 | C12: 변수명 | G12: 설명 | H12: Type | I12: Mandatory
A13: 페이지 번호 | C13: page | G13: 조회할 페이지 번호(기본 1) | H13: Int | I13: Y(M)
A14: 페이지 당 유닛 수 | C14: limit | G14: 조회할 페이지 유닛 단위 (기본 10) | H14: Int | I14: Y(M)
A24: 4) 응답 JSON
A25: 명칭 | C25: Key | G25: 설명 | H25: Type | I25: Mandatory
A26: 전체 레코드 수 | C26: totalResults | G26: 조회된 데이터 전체 개수
A27: 전체 페이지 수 | C27: totalPages | G27: 전체 페이지 수
A28: 현재 페이지 | C28: currentPage | G28: 현재 페이지
A29: 페이지 당 유닛 수 | C29: limit | G29: 페이지 당 유닛 수
A30: 유저 고유 번호 | C30: user_num | G30: 유저 고유 번호
A31: 유저 타입 | C31: user_type | G31: 0: 어르신 , 1: 보호자
A32: 유저 아이디 | C32: user_id | G32: 유저 아이디
A33: 유저 연락처 | C33: user_tel | G33: 유저 연락처
A34: 유저 프로필 이미지 경로 | C34: user_profile_img | G34: 유저 이미지 경로
A35: 유저 홈 위도 | C35: user_home_lat | G35: 유저 홈 위도
A36: 유저 홈 경도 | C36: user_home_lot | G36: 유저 홈 경도
A37: 유저 외출 상태 | C37: user_condition | G37: 0 : 집(귀가), 1:외출 중
A38: 유저 가입일 | C38: user_signup | G38: 유저 가입일
I42: API 목록 가기

Sheet getMember
A1: ='API 목록'!A14 -> getMember
A3: 1) 개요 | K3: 메시지 | Q3: 설명
A4: 특정 회원 검색 | K4: 200번대 | Q4: 성공
K5: 400번대 | Q5: 입력값 오류
A6: 2) 요청 | K6: 500번대 | Q6: 실패
A7: Method | C7: Path | H7: Content-Type
A8: ='API 목록'!C14 -> GET | C8: ='API 목록'!B14 -> /member/getmember/{user_num} | H8: ='API 목록'!D14 & "" -> application/json
A11: 3) 요청 파라메터
A12: 명칭 | C12: 변수명 | G12: 설명 | H12: Type | I12: Mandatory
A13: 유저 고유 번호 | C13: user_num | G13: 유저 고유 번호 | H13: Int | I13: Y(M)
A24: 4) 응답 JSON
A25: 명칭 | C25: Key | G25: 설명 | H25: Type | I25: Mandatory
A26: 유저 고유 번호 | C26: user_num | G26: 유저 고유 번호
A27: 유저 타입 | C27: user_type | G27: 0: 어르신 , 1: 보호자
A28: 유저 아이디 | C28: user_id | G28: 유저 아이디
A29: 유저 연락처 | C29: user_tel | G29: 유저 연락처
A30: 유저 프로필 이미지 경로 | C30: user_profile_img | G30: 유저 이미지 경로
A31: 유저 홈 위도 | C31: user_home_lat | G31: 유저 홈 위도
A32: 유저 홈 경도 | C32: user_home_lot | G32: 유저 홈 경도
A33: 유저 외출 상태 | C33: user_condition | G33: 0 : 집(귀가), 1:외출 중
A34: 유저 가입일 | C34: user_signup | G34: 유저 가입일
I38: API 목록 가기

Sheet searchMember
A1: ='API 목록'!A15 -> searchMember
A3: 1) 개요 | K3: 메시지 | Q3: 설명
A4: 특정 회원 검색 | K4: 200번대 | Q4: 성공
K5: 400번대 | Q5: 입력값 오류
A6: 2) 요청 | K6: 500번대 | Q6: 실패
A7: Method | C7: Path | H7: Content-Type
A8: ='API 목록'!C15 -> GET | C8: ='API 목록'!B15 -> /searchmember?field={field}&keyword={keyword} | H8: ='API 목록'!D15 & "" -> application/json
A11: 3) 요청 파라메터
A12: 명칭 | C12: 변수명 | G12: 설명 | H12: Type | I12: Mandatory | K12: 검색 유효 필드 | Q12: 설명
A13: 유저 고유 번호 | C13: field | G13: 검색 유효값 필드 * | H13: String | I13: Y(M) | K13: user_type | Q13: 0 or 1
A14: 검색어 | C14: keyword | G14: 검색어 | H14: String | I14: Y(M) | K14: user_condition | Q14: 0 or 1
A15: 유저 연락처 | C15: user_tel | G15: 유저 연락처 | K15: user_id | Q15: 검색어
A16: 유저 프로필 이미지 경로 | C16: user_profile_img | G16: 유저 이미지 경로 | K16: user_tel | Q16: 검색어
A17: 유저 홈 위도 | C17: user_home_lat | G17: 유저 홈 위도 | K17: user_home_lat | Q17: 검색어
A18: 유저 홈 경도 | C18: user_home_lot | G18: 유저 홈 경도 | K18: user_home_lot | Q18: 검색어
A19: 유저 외출 상태 | C19: user_condition | G19: 0 : 집(귀가), 1:외출 중
A20: 유저 가입일 | C20: user_signup | G20: 유저 가입일
I24: API 목록 가기

Sheet upload
A1: ='API 목록'!A16 -> upload_profile
A3: 1) 개요 | K3: 메시지 | Q3: 설명
A4: 프로필 이미지 업로드 | K4: 200번대 | Q4: 성공
K5: 400번대 | Q5: 입력값 오류
A6: 2) 요청 | K6: 500번대 | Q6: 실패
A7: Method | C7: Path | H7: Content-Type
A8: ='API 목록'!C16 -> POST | C8: ='API 목록'!B16 -> /upload/profile/{user_num} | H8: ='API 목록'!D16 & "" -> form-data
A11: 3) 요청 파라메터
A12: 명칭 | C12: 변수명 | G12: 설명 | H12: Type | I12: Mandatory
A13: 파일 | C13: file | G13: 프로필 이미지 사진 | H13: file | I13: Y(M)
A24: 4) 응답 JSON
A25: 명칭 | C25: Key | G25: 설명 | H25: Type | I25: Mandatory
A26: 결과값 | C26: message | G26: 결과 메시지 | H26: string | I26: Y(M)
I31: API 목록 가기

Sheet setDate
A1: ='API 목록'!A17 -> set_date
A3: 1) 개요 | K3: 메시지 | Q3: 설명
A4: 일정 생성 | K4: 200번대 | Q4: 성공
K5: 400번대 | Q5: 입력값 오류
A6: 2) 요청 | K6: 500번대 | Q6: 실패
A7: Method | C7: Path | H7: Content-Type
A8: ='API 목록'!C17 -> POST | C8: ='API 목록'!B17 -> /date/setdate | H8: ='API 목록'!D17 & "" -> application/json
A11: 3) 요청 파라메터
A12: 명칭 | C12: 변수명 | G12: 설명 | H12: Type | I12: Mandatory
A13: 유저 고유 번호 | C13: user_num | G13: 유저 고유 번호 | H13: int | I13: Y(M)
A14: 유저 일정 제목 | C14: user_date_title | G14: 유저 일정 제목 | H14: String | I14: Y(M)
A15: 유저 일정 정보 | C15: user_date_time | G15: 유저 일정 내용 | H15: String | I15: Y(M)
A16: 유저 일정 날짜 | C16: user_date_info | G16: 유저 날짜, 시간 | H16: DATETIME | I16: Y(M)
A24: 4) 응답 JSON
A25: 명칭 | C25: Key | G25: 설명 | H25: Type | I25: Mandatory
A26: 결과값 | C26: message | G26: 결과 메시지 | H26: String | I26: Y(M)
A27: 일정 고유 넘버 | C27: user_date_no | G27: 생성 일정 고유 넘버 | H27: Int | I27: Y(M)
I31: API 목록 가기

Sheet upDate_date
A1: ='API 목록'!A18 -> update_date
A3: 1) 개요 | K3: 메시지 | Q3: 설명
A4: 일정 수정하기 | K4: 200번대 | Q4: 성공
K5: 400번대 | Q5: 입력값 오류
A6: 2) 요청 | K6: 500번대 | Q6: 실패
A7: Method | C7: Path | H7: Content-Type
A8: ='API 목록'!C18 -> PUT | C8: ='API 목록'!B18 -> /date/update/{user_num} | H8: ='API 목록'!D18 & "" -> application/json
A11: 3) 요청 파라메터
A12: 명칭 | C12: 변수명 | G12: 설명 | H12: Type | I12: Mandatory
A13: 유저 일정 제목 | C13: user_date_title | G13: 유저 일정 제목 | H13: String | I13: Y(M)
A14: 유저 일정 정보 | C14: user_date_time | G14: 유저 일정 내용 | H14: String | I14: Y(M)
A15: 유저 일정 날짜 | C15: user_date_info | G15: 유저 날짜, 시간 | H15: DATETIME | I15: Y(M)
A23: 4) 응답 JSON
A24: 명칭 | C24: Key | G24: 설명 | H24: Type | I24: Mandatory
A25: 결과값 | C25: message | G25: 결과 메시지 | H25: String | I25: Y(M)
I30: API 목록 가기

Sheet Delete_date
A1: ='API 목록'!A19 -> delete_date
A3: 1) 개요 | K3: 메시지 | Q3: 설명
A4: 일정 삭제 | K4: 200번대 | Q4: 성공
K5: 400번대 | Q5: 입력값 오류
A6: 2) 요청 | K6: 500번대 | Q6: 실패
A7: Method | C7: Path | H7: Content-Type
A8: ='API 목록'!C19 -> POST | C8: ='API 목록'!B19 -> /date/delete/{user_num} | H8: ='API 목록'!D19 & "" -> application/json
A11: 3) 요청 파라메터
A12: 명칭 | C12: 변수명 | G12: 설명 | H12: Type | I12: Mandatory
A23: 4) 응답 JSON
A24: 명칭 | C24: Key | G24: 설명 | H24: Type | I24: Mandatory
A25: 결과값 | C25: message | G25: 결과 메시지 | H25: String | I25: Y(M)
I30: API 목록 가기

Sheet get_Date
A1: ='API 목록'!A20 -> get_date
A3: 1) 개요 | K3: 메시지 | Q3: 설명
A4: 일정 조회 | K4: 200번대 | Q4: 성공
K5: 400번대 | Q5: 입력값 오류
A6: 2) 요청 | K6: 500번대 | Q6: 실패
A7: Method | C7: Path | H7: Content-Type
A8: ='API 목록'!C20 -> GET | C8: ='API 목록'!B20 -> /date/getdate | H8: ='API 목록'!D20 & "" -> application/json
A11: 3) 요청 파라메터
A12: 명칭 | C12: 변수명 | G12: 설명 | H12: Type | I12: Mandatory
A13: 유저 고유 번호 | C13: user_num | G13: 일정을 조회할 유저 고유 번호 | H13: String | I13: Y(M)
A14: 페이지 | C14: page | G14: 조회 페이지 번호 | H14: String | I14: Y(M)
A15: 페이지 당 유닛 수 | C15: limit | G15: 페이지 당 유닛 수 | H15: String | I15: Y(M)
A23: 4) 응답 JSON
A24: 명칭 | C24: Key | G24: 설명 | H24: Type | I24: Mandatory
A25: 전체 레코드 수 | C25: totalResults | G25: 조회된 데이터 전체 개수 | H25: String | I25: Y(M)
A26: 전체 페이지 수 | C26: totalPages | G26: 전체 페이지 수 | H26: Int | I26: Y(M)
A27: 현재 페이지 | C27: currentPage | G27: 현재 페이지 | H27: Int | I27: Y(M)
A28: 유저 일정 고유 번호 | C28: user_date_no | G28: 일정 고유 번호 | H28: String | I28: Y(M)
A29: 유저 일정 제목 | C29: user_date_title | G29: 유저 일정 제목 | H29: String | I29: Y(M)
A30: 유저 일정 내용 | C30: user_date_info | G30: 유저 일정 정보 | H30: String | I30: Y(M)
A31: 유저 일정 시간 | C31: user_date_time | G31: 유저 일정 시간 | H31: DATETIME | I31: Y(M)
I38: API 목록 가기

Sheet send
A1: ='API 목록'!A21 -> code_auth
A3: 1) 개요 | K3: 메시지 | Q3: 설명
A4: SMS 인증 번호 발송 | K4: 200번대 | Q4: 성공
K5: 400번대 | Q5: 입력값 오류
A6: 2) 요청 | K6: 500번대 | Q6: 실패
A7: Method | C7: Path | H7: Content-Type
A8: ='API 목록'!C21 -> POST | C8: ='API 목록'!B21 -> /code_auth/send | H8: ='API 목록'!D21 & "" -> application/json
A11: 3) 요청 파라메터
A12: 명칭 | C12: 변수명 | G12: 설명 | H12: Type | I12: Mandatory
A13: 발송 번호 | C13: tel_num | G13: 발송할 연락처('-') 없이 | H13: String | I13: Y(M)
A23: 4) 응답 JSON
A24: 명칭 | C24: Key | G24: 설명 | H24: Type | I24: Mandatory
A25: 결과코드 | C25: rsCode | G25: 결과값 코드 반환(200 성공) | H25: Int | I25: Y(M)
A26: 응답 메시지 | C26: message | G26: 결과 메시지 반환 | H26: String | I26: Y(M)
I38: API 목록 가기

Sheet code_verify
A1: ='API 목록'!A22 -> code_auth_verify
A3: 1) 개요 | K3: 메시지 | Q3: 설명
A4: SMS 인증 번호 입력 검증 | K4: 200번대 | Q4: 성공
K5: 400번대 | Q5: 입력값 오류
A6: 2) 요청 | K6: 500번대 | Q6: 실패
A7: Method | C7: Path | H7: Content-Type
A8: ='API 목록'!C22 -> POST | C8: ='API 목록'!B22 -> /code_auth/verifyCode | H8: ='API 목록'!D22 & "" -> application/json
A11: 3) 요청 파라메터
A12: 명칭 | C12: 변수명 | G12: 설명 | H12: Type | I12: Mandatory
A13: 발송 번호 | C13: tel_num | G13: 발송한 연락처('-') 없이 | H13: String | I13: Y(M)
A14: 입력한 인증 번호 | C14: auth_code | G14: 입력한 입력 번호 | H14: String | I14: Y(M)
A23: 4) 응답 JSON
A24: 명칭 | C24: Key | G24: 설명 | H24: Type | I24: Mandatory
A25: 결과코드 | C25: rsCode | G25: 결과값 코드 반환(200 성공) | H25: Int | I25: Y(M)
A26: 응답 메시지 | C26: message | G26: 결과 메시지 반환 | H26: String | I26: Y(M)
K33: 동일한 번호로 다중 발송 처리해도, 가장 마지막으로 발송한 인증 번호 데이터와 검증합니다.
I38: API 목록 가기

Sheet talk_send
A1: ='API 목록'!A23 -> talk_send
A3: 1) 개요 | K3: 메시지 | Q3: 설명
A4: talk 전송하기 | K4: 200번대 | Q4: 성공
K5: 400번대 | Q5: 입력값 오류
A6: 2) 요청 | K6: 500번대 | Q6: 실패
A7: Method | C7: Path | H7: Content-Type
A8: ='API 목록'!C23 -> POST | C8: ='API 목록'!B23 -> /talk/send | H8: ='API 목록'!D23 & "" -> application/json
A11: 3) 요청 파라메터
A12: 명칭 | C12: 변수명 | G12: 설명 | H12: Type | I12: Mandatory
A13: 발송자 타입 | C13: sender_type | G13: 발신자 회원 타입 ( 0: 어르신, 1: 보호자 ) | H13: int | I13: Y(M)
A14: 발송자 고유 번호 | C14: sender_id | G14: 발신하는 회원 고유 번호 | H14: int | I14: Y(M)
A15: 수신자 고유 번호 | C15: receiver_id | G15: 수신받을 회원 고유 번호 | H15: int | I15: Y(M)
A16: 보내는 이미지 URL | C16: image_url | G16: 이미지 URL 경로 | H16: String | I16: Y(M)
A23: 4) 응답 JSON
A24: 명칭 | C24: Key | G24: 설명 | H24: Type | I24: Mandatory
A25: 결과코드 | C25: rsCode | G25: 결과값 코드 반환(200 성공) | H25: Int | I25: Y(M)
A26: 응답 메시지 | C26: message | G26: 결과 메시지 반환 | H26: String | I26: Y(M)
I38: API 목록 가기

Sheet talk_list
A1: ='API 목록'!A24 -> talk_list
A3: 1) 개요 | K3: 메시지 | Q3: 설명
A4: 지난이야기 내용 조회 | K4: 200번대 | Q4: 성공
K5: 400번대 | Q5: 입력값 오류
A6: 2) 요청 | K6: 500번대 | Q6: 실패
A7: Method | C7: Path | H7: Content-Type
A8: ='API 목록'!C24 -> POST | C8: ='API 목록'!B24 -> /talk/list | H8: ='API 목록'!D24 & "" -> application/json
A11: 3) 요청 파라메터
A12: 명칭 | C12: 변수명 | G12: 설명 | H12: Type | I12: Mandatory
A13: 유저 고유 번호 | C13: user_num | G13: 유저 고유 번호 | H13: int | I13: Y(M)
A23: 4) 응답 JSON
A24: 명칭 | C24: Key | G24: 설명 | H24: Type | I24: Mandatory
A25: 결과코드 | C25: rsCode | G25: 결과값 코드 반환(200 성공) | H25: Int | I25: Y(M)
A26: 응답 메시지 | C26: message | G26: 결과 메시지 반환 | H26: String | I26: Y(M)
C27: talk_id | G27: 토크 고유 번호
C28: sender_type | G28: 발신자 타입
C29: sender_id | G29: 발신자 고유 번호
C30: image_url | G30: 이미지 경로
C31: send_at | G31: 발신 시간
C32: is_read | G32: 읽음 여부 0: 안읽음, 1: 읽음
C33: read_at | G33: 읽은 시간
I38: API 목록 가기

Sheet talk_read
A1: ='API 목록'!A25 -> talk_read
A3: 1) 개요 | K3: 메시지 | Q3: 설명
A4: 이야기 읽음 처리 | K4: 200번대 | Q4: 성공
K5: 400번대 | Q5: 입력값 오류
A6: 2) 요청 | K6: 500번대 | Q6: 실패
A7: Method | C7: Path | H7: Content-Type
A8: ='API 목록'!C25 -> POST | C8: ='API 목록'!B25 -> /talk/read | H8: ='API 목록'!D25 & "" -> application/json
A11: 3) 요청 파라메터
A12: 명칭 | C12: 변수명 | G12: 설명 | H12: Type | I12: Mandatory
A13: 토크 고유 번호 | C13: talk__id | G13: 토크 고유 번호 | H13: int | I13: Y(M)
A23: 4) 응답 JSON
A24: 명칭 | C24: Key | G24: 설명 | H24: Type | I24: Mandatory
A25: 결과코드 | C25: rsCode | G25: 결과값 코드 반환(200 성공) | H25: Int | I25: Y(M)
A26: 응답 메시지 | C26: message | G26: 결과 메시지 반환 | H26: String | I26: Y(M)
I38: API 목록 가기

Sheet 폴더 생성
A1: 폴더 생성
A3: 1) 요청 파라메터
A4: 명칭 | C4: 변수명 | E4: 설명
A5: 세션 ID | C5: sessionId
A6: 폴더명 | C6: folderName
A7: 업무 ID | C7: taskId | E7: 폴더에 포함될 업무 ID ,(콤마)로 구분
A8: 분류 ID | C8: categoryId | E8: 분류가 있는 경우
A9: 내용 | C9: content
A11: 2) 응답 XML
A12: 명칭 | C12: 태그명 | E12: 설명
A13: Root Element | C13: result
A14: 결과 코드 | D14: code | E14: 0: OK, 그외: 에러코드
A15: 결과 설명 | D15: message | E15: 에러코드인 경우 설명 메시지
E17: API 목록 가기

Sheet 폴더 삭제
A1: 폴더 삭제
A3: 1) 요청 파라메터
A4: 명칭 | C4: 변수명 | E4: 설명
A5: 세션 ID | C5: sessionId
A6: 폴더 ID | C6: folderId | E6: 빈 폴더인 경우에만 삭제 가능
A8: 2) 응답 XML
A9: 명칭 | C9: 태그명 | E9: 설명
A10: Root Element | C10: result
A11: 결과 코드 | D11: code | E11: 0: OK, 그외: 에러코드
A12: 결과 설명 | D12: message | E12: 에러코드인 경우 설명 메시지
E14: API 목록 가기
